OBJECT_NAME,EPOCH,x_km,y_km,z_km,vx_km_s,vy_km_s,vz_km_s,v_r_km_s,v_t_km_s
STARLINK-33682,2025-05-03T22:00:01.999584,3276.8515838571243,2728.52967329411,-5330.650860261361,-5.979371567637611,4.56490622622692,-1.339308818989669,0.00019873267611481005,7.641007870120747
STARLINK-33710,2025-05-04T06:00:02.000160,1260.4000749526217,3972.141816122097,-5406.570238809073,-6.808389035535015,3.355511955216229,0.8782965008273472,-0.00018991737018625443,7.641009517602331
STARLINK-33733,2025-05-04T04:00:01.999584,5499.782973077357,230.78934687911575,-4036.442393610249,-3.256819108896787,5.5495220616471,-4.121335611824281,0.0006601374449291542,7.641300452821674
STARLINK-33638,2025-05-04T04:00:01.999584,1150.6481633711844,4022.840684785995,-5393.258147201474,-6.84070493059758,3.262375356560729,0.9740202731750338,-5.4354556348057415e-05,7.641142087685475
STARLINK-33726,2025-05-04T04:00:01.999584,6219.161522176484,-1939.6169668322336,-2036.9872173238327,-0.2637676946038207,5.110732935214729,-5.675030649374297,0.0009796409853923826,7.641671050460519
STARLINK-33681,2025-05-03T22:00:01.999584,-1927.043999297092,4876.206764052746,-4370.462474757756,-6.670928389660836,0.65148625508635,3.669770508731592,-0.0009727903125460458,7.641526978358741
STARLINK-33730,2025-05-04T04:00:01.999584,-3468.63668884032,4907.008653998177,-3215.318003562189,-5.773167770674386,-0.8420391348847169,4.944158361628149,-0.0005741741103804099,7.647430783486208
STARLINK-33743,2025-05-04T04:00:01.999584,-1565.677913788929,4882.221972276429,-4503.014390661936,-6.735369030743387,1.0314856972238218,3.460985654813649,-0.0005140140846054964,7.642485208522801
STARLINK-33715,2025-05-04T04:00:01.999584,-4730.98434522658,4514.327852103566,-1891.2347027724688,-4.498141278658685,-2.309336054832527,5.743434943999277,-0.000976549472364141,7.652016203539153
STARLINK-33762,2025-05-04T04:00:01.999584,5783.949812291651,-3618.618346303975,192.04001548828128,2.577808301377812,3.794119215197963,-6.11229131381592,0.0009728329862146445,7.642024628089882
STARLINK-33753,2025-05-04T04:00:01.999584,957.6123038381018,4112.802326755868,-5363.234353981986,-6.877604990008244,3.1192031147808925,1.1640914582776944,-0.00010381116005353519,7.64107239739969
STARLINK-33747,2025-05-04T02:30:00.683712,-5840.768615367132,3482.524692148546,9.574561239273445,-2.342891661569263,-3.947175594942665,6.127344146469605,-0.00046789186368689784,7.655957326521244
STARLINK-33659,2025-05-02T10:13:49.674432,-6267.541699047194,2633.371697073808,9.580757502516018,-1.7695322278428658,-4.236537637078804,6.128551267195073,-0.0010363065368668156,7.65758676192878
STARLINK-33746,2025-05-04T04:00:01.999584,-5757.756071644416,3609.102965918056,-142.15474681172998,-2.54700850074176,-3.8236819933431234,6.126679319562803,-0.0008746527948488847,7.657936733142175
STARLINK-33799,2025-05-04T04:00:01.999584,-5829.534888677616,3497.1757708242776,35.88412543981065,-2.333464248949249,-3.9540859882630808,6.1280063260540505,-0.000768489435319708,7.65717391374162
STARLINK-33797,2025-05-04T02:27:11.548800,-5840.508824615008,3484.623434849085,9.59017533117132,-2.3403403573983765,-3.947181196169648,6.125418672343852,-0.003957883256608952,7.65363773839092
STARLINK-33798,2025-05-04T00:51:51.794496,-5851.402255597408,3449.890428443873,9.574612469542,-2.330090615299808,-3.958265505682876,6.131523189569432,0.005509174714519283,7.661118349314859
STARLINK-33736,2025-05-02T07:04:35.072832,-6293.6347062144005,2567.0807966842995,9.576327109105415,-1.7258457887088912,-4.254656112255928,6.128476132666552,-0.00022285515867714878,7.6576015813673735
STARLINK-33740,2025-05-04T03:57:05.600160,-5819.465916524377,3515.636664326607,9.586894004141026,-2.3656038660877496,-3.933515649606908,6.126973262721288,-0.0005180379020792714,7.6556141563358615
STARLINK-33763,2025-05-04T02:26:15.301536,-5840.296344171164,3484.770606999412,9.576970600542108,-2.339989929928525,-3.948211688595546,6.126313743404338,-0.004956062676393369,7.65477784982667
STARLINK-33784,2025-05-02T07:03:05.952960,-6293.180933501107,2567.5705824926576,9.58114378977406,-1.7257897435139404,-4.254891116358484,6.12875868583413,-0.0007806065092792469,7.6579456168560665
STARLINK-33768,2025-05-03T18:39:06.707808,-5927.873319003728,3325.581149748868,9.572677556352168,-2.2381307070395007,-4.008830494087377,6.12881899907203,-0.0008336927377743386,7.657830803854358
STARLINK-33761,2025-05-03T18:38:37.202208,-5927.678518168826,3325.926524662704,9.581813773403464,-2.238365082915286,-4.008690923827039,6.128831141807366,-0.0008205875665001638,7.657835964462249
STARLINK-33737,2025-05-04T02:22:36.469344,-5835.450558475924,3484.556351054709,9.574079119967696,-2.346037018418695,-3.947006489716845,6.129070390677557,-0.0006920003448960266,7.6582147591115275
STARLINK-33795,2025-05-03T18:36:38.560320,-5927.2000123098105,3326.5955563806524,9.58303000419042,-2.2388025941280536,-4.008479484176088,6.128936065879726,-0.0008865050924866669,7.657937146796458
STARLINK-33756,2025-05-03T21:42:55.522656,-5891.117253859805,3390.0361948311665,9.57678028841867,-2.2817096441316864,-3.9843567795005854,6.128880434415301,-0.0009709885631636883,7.657967895141355
STARLINK-33780,2025-05-04T02:22:04.814976,-5835.622006217234,3484.702366900809,9.58716171662419,-2.346089137580269,-3.946982888506203,6.128722282748595,-0.000649438437370975,7.657939968485112
STARLINK-33679,2025-05-03T22:40:46.156224,-5792.701098412489,-3604.576024449457,6.9533837967544905,2.956934020912239,-4.7439447417802,5.212562471280701,0.0011021357145541977,7.643250409308402
STARLINK-33706,2025-05-04T06:00:02.000160,4146.714538209834,-3134.6989653665187,4419.443006672332,5.530497223643481,5.016637922209184,-1.6314303882828367,-0.0003327115040883122,7.6429458054071855
STARLINK-33691,2025-05-03T22:00:01.999584,1703.8513558983614,-4733.346897876486,4609.174344547671,6.911274261303087,3.183878182611606,0.7152404609692506,0.00030076368792997243,7.6429288249472425
STARLINK-33696,2025-05-03T22:00:01.999584,-2381.067494238242,-5490.691240998698,3275.934649478696,6.652413617740832,-0.6770821036035568,3.70198814081098,0.000773035973349101,7.6431513601160885
STARLINK-33701,2025-05-03T22:00:01.999584,4135.426496903061,-3105.207890369121,4450.823761886605,5.474554121921682,5.111437718526548,-1.5208704947802312,-0.00023260843504946394,7.64268181936236
STARLINK-33685,2025-05-03T22:00:01.999584,5808.795405714735,-899.4589300245289,3464.4042120967647,3.0188578864432416,6.09814170872481,-3.4802616495656777,-0.0008989183446019844,7.642843422418984
STARLINK-33654,2025-05-03T22:00:01.999584,6405.308494829301,1466.5111964517694,1836.6506399134405,0.0084110636936562,5.956116287692402,-4.789553828350124,-0.001194569294848069,7.64298478515918
STARLINK-33697,2025-05-04T06:00:02.000160,-1077.9848289211286,-5445.860032672825,3967.129428588428,7.117147156883172,0.5756367655084254,2.7246754868143235,0.0003116364596092436,7.64257795183437
STARLINK-33720,2025-05-04T06:00:02.000160,1830.4808979452623,5451.767583803508,-3662.8539556486144,-6.936807216691627,0.1702485130381124,-3.212183846897529,-0.00055402080260189,7.6463326946365004
STARLINK-33587,2025-05-04T06:00:02.000160,3049.1954598298253,5310.952855680588,-3005.0925852811515,-6.373573385298187,1.4065470393482586,-3.979510410579147,-0.0007870259897446719,7.644430309720839
STARLINK-33637,2025-05-02T08:00:29.385216,-5237.307514452856,-4322.450076117255,6.952406856755721,3.5711442129581505,-4.319411683808439,5.2259755255543165,0.0005292636906983894,7.662976458109343
STARLINK-33744,2025-05-04T06:00:02.000160,-1254.7855371085063,4888.362130528727,-4568.412044416234,-7.103081057542351,-2.691509948578937,-0.9291274475070612,5.9507913451772865e-05,7.652533183429273
STARLINK-33766,2025-05-04T06:00:02.000160,5111.118205309017,-2100.457003193946,4002.623731301445,4.404169569786195,5.652081044413447,-2.6585545135601945,-0.0004272657638948463,7.642685499944622
STARLINK-33765,2025-05-03T22:38:32.684640,-5876.776441459034,-3408.4352035817174,6.958621484526361,2.8188591900383164,-4.842064473884985,5.224271257771078,-0.0037665260402168776,7.660584278668118
STARLINK-33735,2025-05-03T22:37:25.559616,-5876.942778735909,-3407.31587683374,6.950267918935567,2.8140349545442085,-4.844415961633971,5.223805445219339,0.0007124511924851973,7.659980519338618
STARLINK-33731,2025-05-04T06:00:02.000160,6308.153067348583,2480.7061295145577,774.6066195933358,-1.5135457969185684,5.450739799983495,-5.1401744018611,-0.0011151381179730357,7.643479370320107
STARLINK-33718,2025-05-03T22:36:25.988544,-5877.124949044894,-3406.861981313785,6.952731021142691,2.813248877324273,-4.844668136813312,5.224098362027797,0.0011220471673119015,7.660050981473433
STARLINK-33630,2025-05-04T06:00:02.000160,2126.015164260865,5390.424342979126,-3544.60326293386,-6.864977525402844,0.4951344329943268,-3.363524932442927,-0.0005447271323287262,7.660703244837272
STARLINK-33695,2025-05-04T06:00:02.000160,1920.1489665980769,5401.651727492154,-3642.841735085781,-6.942141304058056,0.2907191522796961,-3.227088963001913,-0.0005605600560452395,7.661066921252699
STARLINK-33713,2025-05-04T06:00:02.000160,1504.8943321741242,5406.566216722422,-3826.107539634304,-7.071468898199286,-0.1163194588450684,-2.945027250428038,-0.0003991830742662572,7.661095740239932
STARLINK-33721,2025-05-04T06:00:02.000160,1713.6603817696623,5407.118313946376,-3736.537351422718,-7.010672347669152,0.0873802427936141,-3.087821814597587,-0.0005409947426525535,7.66105771674075
STARLINK-33639,2025-05-04T06:00:02.000160,1083.1882479738051,5387.406720669355,-3992.170379723806,-7.169217375670714,-0.5226523838188326,-2.649818594041484,-0.0004160130122332073,7.661095333057249
STARLINK-33667,2025-05-03T16:00:25.982496,-5807.117141471546,-3432.282362387348,6.961066533383708,2.8641818736947267,-4.837629231451833,5.242386808056636,0.0011803881643741576,7.686924771231257
STARLINK-33688,2025-05-03T22:00:01.999584,2317.3842394806597,-4420.89582595878,4651.882921649061,6.711250816048306,3.6542230117398855,0.1296555651907496,0.00010993810958659367,7.642711815117519
STARLINK-33700,2025-05-04T06:00:02.000160,6308.328507724503,171.68967789405815,2590.398281234381,1.6112888497449522,6.089052991639959,-4.330620767284706,-0.0011823653965274683,7.643761699867519
STARLINK-33687,2025-04-28T11:37:42.547872,-3345.825174277013,-5901.518578857776,6.9592490656813535,4.878976547640166,-2.7609512290996645,5.227562704320663,0.0008818301902979719,7.665159808632144
STARLINK-33716,2025-05-04T06:00:02.000160,-1011.877027202569,4987.536793867785,-4542.571559980745,-7.144906470245712,-2.474431526688376,-1.1251240425914546,-8.723558079259952e-05,7.644501550293237
STARLINK-33754,2025-05-03T22:00:01.999584,3097.7798362543026,-3942.1987657905074,4623.136897144028,6.304977097567194,4.284785943590393,-0.571026456305901,2.8714638116156266e-06,7.644488079461546
POSAT-2,2025-05-03T21:43:37.519968,-6345.206660332668,-2801.779946653187,14.706844392832446,-0.38056285353468,0.9163352050713732,7.514580958348021,-0.006070103845014885,7.57980134482096
2025-052BK,2025-05-03T22:26:42.370368,6548.088312837678,2168.4437551478068,14.711731683434074,0.2909445842821819,-0.940444525598602,7.535158283885853,-0.0033800567564710726,7.599189667015913
HYDRA-W,2025-05-03T20:46:44.924736,6535.091011738945,2173.240381244182,14.725241067159391,0.2877214756645141,-0.9412669394411208,7.540009066669397,-0.007882232532381017,7.603975387566061
UNICORN-2Q,2025-05-03T20:21:02.062656,6529.808044081939,2174.368150112607,14.72725898246583,0.2878752136417747,-0.9415007151394356,7.5423142121078275,-0.008183515698405142,7.606295579286405
HADES-ICM,2025-05-03T19:20:33.713664,6539.200368117241,2165.72671760654,14.71647611940927,0.2869547959092036,-0.9414190733748584,7.538873707461276,-0.007469799836884228,7.602839857957722
STARLINK-33828,2025-05-04T06:00:02.000160,270.8122009128713,4565.023528047897,-5043.605625918922,-6.666408447852376,2.9549504661075314,2.3171344384632646,-0.0003875702830924421,7.651264320780482
STARLINK-33819,2025-05-04T06:00:02.000160,-569.7538896818651,4886.853885741418,-4696.509503305674,-6.644774942093807,2.201780528054949,3.0976692676637603,-0.00037741361785270655,7.6548302576991984
STARLINK-33845,2025-05-04T06:00:02.000160,-878.6711669844517,4980.068662878341,-4542.25357818513,-6.603673680684239,1.910307517967448,3.37297724281234,-0.000735230163963374,7.657333467606803
STARLINK-33829,2025-05-04T06:00:02.000160,-1074.4190976774992,5034.254474708956,-4439.380526765308,-6.566581885721455,1.721573890374045,3.542560134818221,-0.0006870794085687137,7.6572544791607875
STARLINK-33815,2025-05-03T22:00:01.999584,4354.235306060614,1468.6729514047988,-5009.352134363406,-4.63963656307878,5.602485978863479,-2.3907586831516374,0.00033869817959630844,7.657010091881023
STARLINK-33833,2025-05-04T06:00:02.000160,-1653.2461763983283,5162.638744077714,-4101.171677173873,-6.41161466922634,1.144796302675403,4.026764307314751,-0.0006332564516686734,7.657296626545689
STARLINK-33534,2025-05-03T22:00:01.999584,4213.7811285338175,1634.1960646743923,-5077.571480566146,-4.801029454480593,5.54439288349335,-2.2003677550250877,0.00039164583306328105,7.6571400910058856
STARLINK-33838,2025-05-04T04:00:01.999584,5896.194860682734,-1797.356650509836,-2864.9984997929373,-0.8391623304516505,5.548741409029146,-5.209986746355187,0.0008344910349391554,7.657459490062303
STARLINK-33837,2025-05-03T22:00:01.999584,3920.319498850461,1958.4639003480536,-5196.648756765963,-5.1063614265829855,5.409751542891118,-1.813729036019077,0.0002276597299180061,7.657019768746663
STARLINK-33818,2025-05-03T22:00:01.999584,3111.732490972838,2729.6667439375788,-5392.164118098333,-5.768680118196841,4.968983753926867,-0.8136742943806515,8.027427968237966e-05,7.657057901293456
STARLINK-33583,2025-05-03T22:00:01.999584,-4385.083166728238,4878.45266974102,-1781.7307289679702,-4.589235452067532,-2.011381292050224,5.790697879377058,-0.0008405819742098863,7.657605236636779
STARLINK-33811,2025-05-03T22:00:01.999584,3445.5769371570227,2430.349904037119,-5332.146889431995,-5.523023164583687,5.161979201841205,-1.2164523862993697,0.00025261417113608964,7.656994874040904
STARLINK-33825,2025-05-01T10:04:13.516896,-6196.408531479773,2776.3243895607484,9.578274957255804,-1.869292767783147,-4.195402911244878,6.130566765275776,-0.0009098019571094351,7.660255157312494
STARLINK-33792,2025-05-04T06:00:02.000160,-2925.46435556302,5259.056770679497,-3160.512888742791,-5.804977441693622,-0.2322833704635822,4.98834490461292,-0.000745166443341827,7.6573691954136835
STARLINK-33843,2025-05-04T04:00:01.999584,-4702.199643670209,4719.157868097995,-1047.6735444377864,-3.9750625692462656,-2.6216193041394664,6.035923749063885,-0.000589460172624845,7.6880677261786365
STARLINK-33809,2025-05-04T04:00:01.999584,-4816.098674478815,4639.81728863067,-869.7140011067837,-3.7933786813335337,-2.800142012528144,6.072517759110366,-0.0006250164166661243,7.688041925899348
STARLINK-33678,2025-05-04T04:00:01.999584,-4924.224190832323,4555.485358433862,-691.2849456183764,-3.608125962091112,-2.975018393993133,6.102274475761273,-0.0005697218838145446,7.688111657348498
STARLINK-33764,2025-05-04T04:00:01.999584,-5026.867046555899,4466.107636482301,-511.9534303255143,-3.418633759190352,-3.146797866852069,6.125249008075435,-0.0007062636959429547,7.688177190103086
STARLINK-33804,2025-05-04T04:00:01.999584,-5123.9198076217945,4371.720758125926,-332.0538521993704,-3.22544756438134,-3.314972313749362,6.141373430344987,-0.0006621519931035991,7.688239109445049
STARLINK-33751,2025-05-04T04:00:01.999584,-5215.660861099733,4272.178873571866,-151.435714252294,-3.028135845556175,-3.4798427193096537,6.150536126016361,-0.0006215823526445341,7.68817314459959
STARLINK-33750,2025-05-04T04:00:01.999584,-5301.233865109198,4168.158538685547,28.950238598592524,-2.827924456456905,-3.64050754155836,6.1528603772402,-0.0006816618856797518,7.688181985926183
STARLINK-33786,2025-05-04T04:00:01.999584,-5381.049317173454,4059.325874641625,209.66600997834857,-2.624355216715172,-3.797270375627223,6.148268434167994,-0.0005175378399839836,7.688153684718938
STARLINK-33796,2025-05-04T04:00:01.999584,-5522.717719554566,3827.324435864698,571.085082604825,-2.207309283580649,-4.099150622801763,6.118523600783823,-0.00062811420103559,7.688405605885955
STARLINK-33785,2025-05-04T04:00:01.999584,-5454.803957759489,3945.941238517712,389.9803034559917,-2.41770852314076,-3.9499815641896343,6.1368232754389656,-0.0007457219705973017,7.688190178330244
STARLINK-33803,2025-05-04T04:00:01.999584,3730.133507275536,2052.2940491940444,-5229.730764239835,-5.154849946721159,5.497264376830179,-1.5196791999673398,0.00018351079874179277,7.687770706720798
STARLINK-33807,2025-05-03T12:38:14.613792,-5503.4159158082775,3880.075014922248,9.584838612630056,-2.651981070019135,-3.774882337994034,6.157451023316439,0.0010612833803307353,7.6939549153642295
STARLINK-33787,2025-05-04T04:00:01.999584,-5727.506379573454,3321.876657547223,1272.0021079198486,-1.361024370197358,-4.637643313036071,5.980150356172315,-0.0005398013886672715,7.6891040327376
SOYUZ-MS 27,2025-05-03T18:28:43.106304,-6625.73977071361,1513.7635171261643,9.1976036517323,-1.04913601944853,-4.636174669391572,6.004712971223837,-0.0016980662306587124,7.65841869681772
TJS-17,2025-05-03T21:16:20.107776,37852.457174726216,-18578.040772460205,-14.15220042054578,1.354503359279397,2.7601292107206383,0.0015628843515591,-0.000154977173436599,3.0745723326606056
CZ-3B R/B,2025-05-04T01:59:43.197504,7209.303928609154,37427.54091633348,1.734898636520235,-1.3985271214977566,1.5370951083795998,0.5785217129651576,1.2448538987428275,1.7616939646051515
STARLINK-11669 [DTC],2025-05-03T17:59:14.215776,-4769.837726157008,-4725.7395640964,6.951559586049094,3.9692456931580016,-4.0001105753916,5.25457657694805,0.0010947200609758845,7.70495748155771
STARLINK-11665 [DTC],2025-05-03T17:52:12.610560,-4773.258529470305,-4722.466872458279,6.953690700204946,3.966314925585293,-4.002843444986908,5.254517100575449,0.0011299722692403869,7.70482695570756
STARLINK-11667 [DTC],2025-05-03T17:45:10.858464,-4776.426225742775,-4719.375084759756,6.957519951877848,3.963595859513637,-4.005472232321364,5.254401488323103,0.0012003936353606193,7.704715017507027
STARLINK-11695 [DTC],2025-05-04T06:00:02.000160,-734.0241046550659,-5674.566959168493,3515.5116799069074,6.823482592992351,1.2028042849246785,3.367700777178452,0.0007739170521268157,7.703769257341729
STARLINK-11685 [DTC],2025-05-03T17:30:26.245152,-4783.46019053794,-4712.595508805458,6.9543724878198425,3.957410570399564,-4.011197461790524,5.254292776152937,0.001426009118393079,7.704439891660903
STARLINK-11697 [DTC],2025-05-03T17:23:24.741888,-4786.442279071674,-4709.047670466111,6.951326699280591,3.9547653357707615,-4.014190065612873,5.2545667891370265,0.0015313874735896071,7.70482709346766
STARLINK-11680 [DTC],2025-05-04T06:00:02.000160,5882.827382645597,619.6098485472844,3178.5600354162007,1.350476891957059,6.573934701995832,-3.783026317457394,-0.0009946202215934674,7.704004960481326
STARLINK-11687 [DTC],2025-05-04T06:00:02.000160,5756.13321477174,3215.117981689976,1272.4493502500347,-1.9491289820475708,5.484632448861969,-5.047855719228648,-0.0013174377936064907,7.704618258828563
STARLINK-11626 [DTC],2025-05-04T06:00:02.000160,4312.299429661589,5063.537669070982,-918.9157495038032,-4.79307876741051,3.1459576375846408,-5.147957229609774,-0.0013370064900199985,7.705330322470528
STARLINK-11668 [DTC],2025-05-04T06:00:02.000160,2055.5848524289204,5746.878589920845,-2787.3345300456617,-6.476701248110372,0.2935566877284636,-4.168655252623862,-0.0010339528678978138,7.707886878539054
STARLINK-11657 [DTC],2025-05-03T07:47:56.863680,-4594.899755420857,-4873.523607485585,6.959711763026084,4.1073798548293725,-3.866782405412556,5.260982399897978,0.001264774118431955,7.713657346230062
STARLINK-11606 [DTC],2025-05-04T06:00:02.000160,-1028.838784914028,5097.578248573548,-4220.30423797289,-6.8001346410478405,-3.03877364640399,-2.0124408476703555,-0.00015402204461389957,7.715302622198797
STARLINK-11592 [DTC],2025-05-03T22:53:53.270592,-4912.121625137427,-4548.228643731812,6.951378707654419,3.837857978222476,-4.137748211912541,5.262759865817752,0.0005950031283337154,7.7166544031351245
STARLINK-32953,2025-05-04T06:00:02.000160,-4648.839240938174,2193.0048414049807,-4439.935036535039,-4.322727326861555,-6.147197014476015,1.4897117144771617,8.95697426110953e-05,7.661151588462809
STARLINK-32951,2025-05-04T06:00:02.000160,-5657.351342230962,270.753304399283,-3695.689003966048,-2.362872371791623,-6.599321245626248,3.1323076845021056,0.0007062164522528835,7.677601036782219
STARLINK-32958,2025-05-04T06:00:02.000160,-4774.295337176591,2009.8683857925596,-4393.275249729962,-4.145429115674457,-6.226120951617332,1.656411167885408,0.00011027953644981991,7.6611267188438905
STARLINK-32928,2025-05-04T06:00:02.000160,-4894.485075693758,1824.383849308,-4341.666806789438,-3.9635178839334886,-6.298107019791467,1.8211772805632471,0.00033412482819783484,7.661090824719904
STARLINK-32687,2025-05-04T06:00:02.000160,-5723.871782018132,76.15223737012184,-3601.071193465602,-2.1468705556347114,-6.605836773156492,3.2711689261191843,0.0008354982377162118,7.677674003328632
STARLINK-32950,2025-05-04T06:00:02.000160,-438.363889645143,5366.27506623787,-4048.412694499394,-6.863945936392586,-2.432044394335064,-2.479832633424551,-0.0004048530372580128,7.692734460491163
STARLINK-32954,2025-05-04T06:00:02.000160,-5837.555090512973,-312.19672196019656,-3400.325019213063,-1.7086863923966789,-6.596569925256407,3.537187667756577,0.0009449698843914667,7.677632426101163
STARLINK-32940,2025-05-04T06:00:02.000160,-5784.113277324003,-118.27964424604306,-3502.6380219495086,-1.9287178701527357,-6.604731238954399,3.4060816373261984,0.0010138746045693647,7.677487769684535
STARLINK-32959,2025-05-03T22:00:01.999584,3538.4696081817283,-5212.759037973692,2497.713618044472,4.012699001061738,4.831027328518034,4.401039836724303,0.0012348855337527276,7.668750122510314
STARLINK-32956,2025-05-04T06:00:02.000160,4587.637967079318,2176.32661013074,4494.385130751706,-2.2242190655380245,7.232337542696201,-1.2321459438627314,-0.00025388392399960935,7.66629247717018
STARLINK-33722,2025-05-04T06:00:02.000160,-1807.5751507138289,-6088.951190206849,-2228.585191748355,5.259433358507318,-3.2420229035847266,4.587841511552272,0.0013819968559083406,7.695494758958285
STARLINK-33739,2025-05-04T06:00:02.000160,-1652.8811775211736,-6180.568684190506,-2092.847902320674,5.325410394809096,-3.007248351801001,4.6705874956112,0.0013972088542364425,7.695318325093364
STARLINK-33683,2025-05-04T06:00:02.000160,-1338.8326388028593,-6342.395044014418,-1815.006226381946,5.439366581262387,-2.529123344715805,4.820074848397462,0.0014606009674711373,7.695212349827596
STARLINK-33724,2025-05-04T06:00:02.000160,-1727.3271546924825,-6134.503052048499,-2157.5801325203074,5.295390310521389,-3.122152196609164,4.632289779974119,0.0017009032928596568,7.697213690169703
STARLINK-33732,2025-05-04T06:00:02.000160,-1496.9384311792746,-6264.887118315744,-1955.2393967196604,5.385317746065451,-2.7698768719874107,4.747899385775498,0.0012177004470892427,7.695220088256813
STARLINK-33800,2025-05-04T06:00:02.000160,-1179.3939837458545,-6412.776388547414,-1672.8306716673087,5.487361985836156,-2.285473262851476,4.886856661275224,0.0014236884966338792,7.695186521441165
STARLINK-33632,2025-05-04T06:00:02.000160,-694.1206156410202,-6580.5320099353685,-1236.0138252558318,5.59454853881755,-1.5409178079061894,5.053968092132253,0.0014845230120112962,7.695192805667078
STARLINK-33719,2025-05-04T06:00:02.000160,-1018.6784645916948,-6476.038868486656,-1528.9376951262047,5.529185976512959,-2.039372739063362,4.948039414801407,0.001389040724883328,7.695065357272574
STARLINK-33755,2025-04-30T22:13:26.757696,2602.7122659368447,4626.987020821931,4023.051656969189,-5.274584503959099,5.0988715412713805,-2.449524536917706,0.0014446782700536787,7.734332618504277
STARLINK-33752,2025-05-04T06:00:02.000160,-530.5768560071801,-6621.881292936047,-1087.418787475486,5.617863284588194,-1.2889017424846112,5.098416174400922,0.0015052425120751778,7.695160869516753
STARLINK-33714,2025-05-04T06:00:02.000160,-366.6094309800774,-6655.810565439691,-937.7371826700742,5.634917626788474,-1.0356076660144575,5.137151747967519,0.0014404281909465855,7.695135210339824
STARLINK-33814,2025-05-04T06:00:02.000160,-201.88740509320328,-6682.5402888775225,-786.7378849714656,5.645620962885878,-0.7806265477336796,5.170057664674675,0.001382760513108372,7.69492743355243
STARLINK-33817,2025-05-04T04:00:01.999584,-4586.367285866668,2917.0921945319665,-3968.0065352257993,-2.11527881780035,-6.914363673286822,-2.6376019934281167,-0.0003519879343114596,7.696737856737992
STARLINK-33820,2025-05-04T06:00:02.000160,456.49854964261294,-6713.962885712271,-176.4176723425712,5.626127353176048,0.2432794332202543,5.243888577169541,0.0014610221921849131,7.69485926784675
STARLINK-33813,2025-05-04T04:00:01.999584,-4645.661644271552,2713.201555062952,-4043.099435084002,-1.9388659502003809,-7.021994345901977,-2.4841210000607323,-0.00018166774816874565,7.6966527059927365
STARLINK-33834,2025-05-04T06:00:02.000160,620.0301907595134,-6703.307928387139,-23.007705059966675,5.605469023789644,0.4991398845322875,5.247588067997634,0.001327506756621466,7.694647644311797
STARLINK-33830,2025-05-04T06:00:02.000160,945.6154204887736,-6659.0190072464375,284.23797085884223,5.545866069579351,1.0096028355713296,5.237747601053896,0.0014942082426879777,7.694798635896378
STARLINK-33651,2025-05-04T06:00:02.000160,783.4879051675091,-6684.986449948674,130.73366423669987,5.578634135839425,0.7550577687112077,5.24551771265491,0.001337961241294372,7.6945906544325124
STARLINK-33788,2025-05-04T06:00:02.000160,292.0820306643319,-6717.493342917922,-329.85743338546075,5.640274463638561,-0.0131305493533364,5.234057901057634,0.0013568614058230098,7.694688343724556
STARLINK-33805,2025-05-04T06:00:02.000160,1107.4139910854228,-6625.947540240103,437.81987699047806,5.506361058445224,1.2640250821751984,5.223741973099968,0.0014134450755114436,7.694494766911561
STARLINK-33702,2025-05-04T06:00:02.000160,1267.0652744175577,-6585.471129534379,590.0829391988942,5.461151781923726,1.515652181437384,5.204100278771895,0.0013670019355327412,7.694416037824054
STARLINK-33666,2025-05-04T06:00:02.000160,1425.9568028041554,-6537.429733219369,742.3413182976809,5.4097177488770845,1.766625890904458,5.178580817753335,0.001352562369899113,7.694394753163341
STARLINK-33723,2025-05-04T06:00:02.000160,1582.625099548556,-6482.221492772237,893.1944994598147,5.352521813613813,2.014665754267207,5.147445437225446,0.0013659352526849133,7.694449982296506
STARLINK-33791,2025-05-04T06:00:02.000160,1737.590677750307,-6419.82224533161,1043.2672668274306,5.289335087624741,2.260653696487477,5.110463867618271,0.0013790737701517841,7.694443439587307
STARLINK-33831,2025-05-02T00:00:00.999648,1769.5430678754228,5570.482275960738,3202.5751907784866,-5.524689993918851,3.90496216283396,-3.7417136586849633,-0.0010163567413941088,7.731193251541481
SHIYAN-27 A,2025-05-03T23:09:55.040832,-4998.363234777836,5489.25557392934,14.550298459283498,0.9220799900082872,0.8195859120927241,7.222815073821144,-0.0006573370667333212,7.32741494210615
SHIYAN-27 B,2025-05-04T05:21:30.744864,-5014.945108842018,5474.113163429708,14.545132823655376,0.9197500374636048,0.8224456855582083,7.222783842528369,-0.0007110515456815181,7.327411750911927
SHIYAN-27 C,2025-05-03T22:52:15.428640,-5000.376065336767,5487.460189260455,14.537827313913292,0.9218751564227446,0.8199617995838736,7.222771231437314,-0.0007019551376122868,7.327388001583085
SHIYAN-27 D,2025-05-04T05:39:10.461600,-5013.783717651659,5475.225107122108,14.5474065160681,0.9200466707258076,0.8223885916958873,7.222718254379979,-0.0006843356716554894,7.327377933879461
SHIYAN-27 E,2025-05-03T21:59:06.811584,-4988.31157856351,5498.457232363786,14.529071938648864,0.9235310888332252,0.817824171228153,7.222779629745837,-0.0006935986064325883,7.327365907737846
SHIYAN-27 F,2025-05-03T21:41:24.956448,-4989.912351367053,5496.945466948997,14.535731416561871,0.9234061661974886,0.818148586248292,7.222804930712547,-0.0007285716036922185,7.327411315960127
CZ-6A R/B,2025-05-03T22:07:50.056896,-4960.924616930784,5302.765639735513,14.514816967993111,0.9740437908517344,0.7898998820235809,7.316736672769676,-0.07399270961602677,7.423062962665346
DRAGON CRS-32,2025-04-22T14:40:42.417120,-5019.5309595478,-4577.989450011839,9.185216713459228,3.2128002830964406,-3.505014262693384,6.00661133213148,-0.0037770743799177,7.660716420136439
TJS-17 AKM,2025-05-03T04:55:55.790976,42607.71125696161,-5.533282950560533,-10.373048633263274,-0.0007831676807994,3.057101789779303,0.0020687498873839,-0.0011806841406138734,3.0571023620635427
425SAT-3,2025-05-03T21:23:40.086816,3263.447643818088,-6143.841136316847,7.580809087889524,4.691833782068072,2.494827855642868,5.388493834585824,0.003532812627901283,7.567914084637269
TOMORROW-S9,2025-05-03T21:16:46.743168,3257.592633584392,-6143.127100189326,7.581981062100435,4.695066946773236,2.4940866080718305,5.389866855823206,0.0020120094220477114,7.570652700960824
SHENZHOU-20 (SZ-20),2025-05-03T04:52:12.523008,2684.4935031513223,-6181.813549388216,6.548604197236458,5.28830179884189,2.298247696906064,5.094214632018437,0.0033285761983838924,7.694094490557003
TIANLIAN 2-05,2025-04-27T21:37:19.144992,-1243.9033747662488,42171.07824230948,16.430089186925077,-1.4183020285168109,-0.0833909618504814,0.7277561588142449,-0.041254392178123364,1.5957637038206274
CZ-3B R/B,2025-05-03T18:44:16.553760,176.09207595801357,40809.43995333652,12.255512895613164,-1.4622925601227603,0.1870180882532137,0.7499359842994724,0.18093184069662976,1.6440629386655525
HULIANWANG DIGUI A,2025-05-03T21:11:29.803776,-148.6072401976601,7480.521740176048,14.908851394082866,-0.4454208260130964,-0.0155678494082461,7.287006457413402,0.007802448830057599,7.300619446482488
HULIANWANG DIGUI B,2025-05-03T22:54:57.510720,-145.03750354841657,7479.689135735199,14.90310774125454,-0.4449923802227088,-0.0171608924837359,7.28650348811312,0.0059849392817039465,7.300096573160768
HULIANWANG DIGUI C,2025-05-03T22:55:14.502144,-145.0103098529622,7480.253098563889,14.906909395047746,-0.4454139039337563,-0.0163136932776222,7.286030621879337,0.006839546347050755,7.299647602862417
HULIANWANG DIGUI D,2025-05-03T22:55:34.051872,-145.346162385623,7480.120240273098,14.905578001819467,-0.4448982129479539,-0.0167314882765621,7.286294925255424,0.006431442685410273,7.299881282386184
HULIANWANG DIGUI E,2025-05-03T22:55:53.859936,-145.40949517131574,7480.056291281774,14.896149598739225,-0.4448492080184242,-0.0158636312230697,7.286473369815125,0.0072933176243064925,7.300053660707791
HULIANWANG DIGUI F,2025-05-03T22:56:39.051456,-144.90235083920362,7480.090712761371,14.89521382282471,-0.4456194459968291,-0.016905723643526,7.286653165791876,0.006235535689368372,7.300283417154561
HULIANWANG DIGUI G,2025-05-03T22:56:52.122048,-145.11499708473,7479.6533745341985,14.900697592961295,-0.4450349988966579,-0.0164399284136732,7.287183784353862,0.006710319452170439,7.300775910822898
HULIANWANG DIGUI H,2025-05-03T21:09:47.321280,-148.4028214847929,7480.1016223622755,14.9010090346287,-0.4455315515554944,-0.0157137970836983,7.286773442196869,0.007639770289174515,7.30039410707845
HULIANWANG DIGUI J,2025-05-03T21:10:13.164384,-148.0820697012574,7480.317737843103,14.910230283346186,-0.4459732149789605,-0.0163954567612624,7.286693868231704,0.006956040910268517,7.30034383178638
HULIANWANG DIGUI K,2025-05-03T21:10:29.457696,-148.58781051588832,7480.840412237219,14.908159625665908,-0.4455989603850178,-0.0154918552867568,7.286345471366197,0.007877823091454456,7.29997032179436
BIOMASS,2025-05-04T05:25:25.671648,4745.279672749396,-5206.886308236613,14.667495756879886,-0.7918393670113276,-0.6994069504179232,7.447725924572417,-0.0009265368471680357,7.522286903230913
